{"RuleTriggered": 1, "Violations": 1, "Details": {"pin_memory": false, "num_workers": 0, "cores": 8, "dataloaders": 1, "dataloading_time": {"p25": 2.7542235, "p50": 2.810498, "p95": 4.152878, "probs": [1, 0, 1, 0, 0, 1, 0, 0, 2, 0, 1, 0, 0, 0, 0, 0, 0, 1, 0, 0, 0, 0, 0, 0, 0, 0, 0, 0, 0, 0, 0, 0, 0, 0, 0, 0, 0, 1, 0, 0, 0, 0, 0, 0, 0, 0, 0, 0, 0, 0, 0, 0, 0, 0, 0, 0, 0, 0, 0, 1, 0, 0, 0, 0, 0, 0, 0, 0, 0, 0, 0, 0, 0, 0, 0, 0, 0, 0, 0, 0, 0, 0, 0, 0, 0, 0, 0, 0, 0, 0, 0, 0, 0, 0, 0, 0, 0, 0, 0, 2], "binedges": [2.650999, 2.66601779, 2.6810365800000002, 2.6960553700000003, 2.71107416, 2.72609295, 2.74111174, 2.75613053, 2.77114932, 2.78616811, 2.8011869000000003, 2.8162056900000003, 2.83122448, 2.84624327, 2.86126206, 2.87628085, 2.89129964, 2.9063184300000002, 2.9213372200000003, 2.93635601, 2.9513748, 2.96639359, 2.98141238, 2.99643117, 3.01144996, 3.0264687500000003, 3.0414875400000003, 3.0565063300000004, 3.07152512, 3.08654391, 3.1015627, 3.11658149, 3.1316002800000002, 3.1466190700000003, 3.16163786, 3.17665665, 3.19167544, 3.20669423, 3.22171302, 3.23673181, 3.2517506000000003, 3.2667693900000003, 3.2817881800000004, 3.2968069700000004, 3.31182576, 3.32684455, 3.34186334, 3.3568821300000002, 3.3719009200000003, 3.3869197100000004, 3.4019385, 3.41695729, 3.43197608, 3.44699487, 3.46201366, 3.4770324500000003, 3.4920512400000003, 3.5070700300000004, 3.5220888200000005, 3.5371076100000005, 3.5521264, 3.56714519, 3.5821639800000002, 3.5971827700000003, 3.6122015600000004, 3.62722035, 3.64223914, 3.65725793, 3.67227672, 3.68729551, 3.7023143000000003, 3.7173330900000003, 3.7323518800000004, 3.7473706700000005, 3.7623894600000005, 3.7774082500000006, 3.79242704, 3.8074458300000003, 3.8224646200000003, 3.8374834100000004, 3.8525022, 3.86752099, 3.88253978, 3.89755857, 3.9125773600000002, 3.9275961500000003, 3.9426149400000003, 3.9576337300000004, 3.9726525200000005, 3.9876713100000005, 4.002690100000001, 4.017708890000001, 4.032727680000001, 4.04774647, 4.062765260000001, 4.07778405, 4.09280284, 4.10782163, 4.12284042, 4.13785921, 4.152878]}}, "Datapoints": 11, "RuleParameters": "min_threshold:70\nmax_threshold:200"}