{"RuleTriggered": 0, "Violations": 0, "Details": {"step_num": {"first": 1676365160623450, "last": 1676366273595679}, "job_start": 1676365067.000679, "job_end": 1676366279.500535}, "Datapoints": 131, "RuleParameters": "threshold:20"}