{"RuleTriggered": 0, "Violations": 0, "Details": {"ratio": {"cpu_functions": 100.0}, "phase": {"Step:ModeKeys.TRAIN": 76.36827519494143, "others": 14.57321791493098, "Step:ModeKeys.EVAL": 9.058506890127592}, "phase_time": {}, "CPU": {"aten::conv2d": 16.4838228303665, "aten::convolution": 16.48323144858272, "aten::_convolution": 16.482754706315852, "aten::mkldnn_convolution": 16.48157154743962, "aten::batch_norm": 5.1641750149798265, "aten::_batch_norm_impl_index": 5.163468598370462, "aten::native_batch_norm": 5.162521438775588, "aten::max_pool2d": 2.467062169310454, "aten::max_pool2d_with_indices": 2.3896970983615593, "enumerate(DataLoader)#_SingleProcessDataLoaderIter.__next__": 13.721695147497417}, "CPU_total": {"aten::conv2d": 41698611, "aten::convolution": 41697115, "aten::_convolution": 41695909, "aten::mkldnn_convolution": 41692916, "aten::batch_norm": 13063652, "aten::_batch_norm_impl_index": 13061865, "aten::native_batch_norm": 13059469, "aten::max_pool2d": 6240850, "aten::max_pool2d_with_indices": 6045142, "enumerate(DataLoader)#_SingleProcessDataLoaderIter.__next__": 34711343}, "general": {"DataLoaderIterInitialize": 0.00012561463339992877, "DataLoaderIter": 3.8183095649955034, "Forward": 96.18156482037111}}, "Datapoints": 0, "RuleParameters": ""}