{"RuleTriggered": 0, "Violations": 0, "Details": {"step_details": {"algo-1-37": {"step_stats": {"mean": 6.67974026724138, "max": 10.545482, "p99": 10.5180809, "p95": 10.12038675, "p50": 6.483548000000001, "min": 0.488806}, "number_of_outliers": 0, "phase": "Step:ModeKeys.TRAIN", "stddev": 1.58, "probs": [4, 0, 0, 0, 0, 0, 0, 0, 0, 0, 0, 0, 0, 0, 0, 0, 0, 0, 0, 0, 0, 0, 0, 0, 0, 0, 0, 0, 0, 0, 0, 0, 0, 0, 0, 0, 0, 0, 0, 0, 0, 0, 0, 0, 0, 0, 0, 0, 0, 0, 0, 0, 0, 0, 0, 0, 0, 0, 9, 66, 11, 2, 2, 3, 5, 0, 1, 0, 0, 0, 1, 0, 0, 0, 0, 2, 0, 0, 0, 0, 0, 0, 0, 0, 0, 0, 0, 0, 0, 0, 0, 0, 0, 0, 0, 5, 1, 1, 1, 2], "binedges": [0.488806, 0.58937276, 0.68993952, 0.79050628, 0.89107304, 0.9916398, 1.09220656, 1.19277332, 1.29334008, 1.3939068399999999, 1.4944736, 1.59504036, 1.69560712, 1.79617388, 1.89674064, 1.9973074, 2.09787416, 2.19844092, 2.29900768, 2.39957444, 2.5001412, 2.60070796, 2.70127472, 2.8018414799999998, 2.9024082399999998, 3.0029749999999997, 3.1035417599999997, 3.2041085199999997, 3.3046752799999997, 3.4052420399999996, 3.5058087999999996, 3.6063755599999996, 3.7069423199999996, 3.8075090799999995, 3.9080758399999995, 4.0086426, 4.1092093599999995, 4.20977612, 4.310342879999999, 4.41090964, 4.5114764, 4.61204316, 4.71260992, 4.81317668, 4.91374344, 5.0143102, 5.11487696, 5.21544372, 5.31601048, 5.41657724, 5.517144, 5.61771076, 5.71827752, 5.8188442799999995, 5.91941104, 6.0199777999999995, 6.12054456, 6.2211113199999994, 6.32167808, 6.422244839999999, 6.5228116, 6.623378359999999, 6.72394512, 6.824511879999999, 6.92507864, 7.0256454, 7.12621216, 7.22677892, 7.32734568, 7.42791244, 7.5284792, 7.62904596, 7.7296127199999995, 7.83017948, 7.9307462399999995, 8.031312999999999, 8.131879759999999, 8.23244652, 8.33301328, 8.433580039999999, 8.5341468, 8.63471356, 8.73528032, 8.835847079999999, 8.93641384, 9.0369806, 9.13754736, 9.238114119999999, 9.33868088, 9.43924764, 9.5398144, 9.640381159999999, 9.74094792, 9.84151468, 9.942081439999999, 10.042648199999999, 10.14321496, 10.24378172, 10.344348479999999, 10.44491524, 10.545482], "step_numbers": []}}}, "Datapoints": 131, "RuleParameters": "threshold:3\nmode:None\nn_outliers:10\nstddev:3"}